id,interest_hash,change_type,detected_at,old_value,new_value,member,category
10501,c3a41633566df5a42f84461f2f0f3ba8,new,2026-09-08T10:38:04.889748,,"Payment received on 01 September 2026 - £6,223.45",Sir Julian Smith,ad_hoc_payments
10502,accda24075f20d97c21266246817cf07,new,2026-09-08T10:38:04.889748,,Payment received on 01 September 2026 - £750.00,Sir Iain Duncan Smith,ad_hoc_payments
10503,f010da6dc7ec2884adf33e8c79c55f2e,new,2026-09-08T10:38:04.889748,,Payment received on 03 September 2026 - £166.67,Dr Neil Shastri-Hurst,ad_hoc_payments
10504,9f20fb73f77fad885226ecb37efd9e23,new,2026-09-08T10:38:04.889748,,"Payment received on 10 August 2026 - £3,000.00",Andy Burnham,ad_hoc_payments
10505,46641d142c50b9fac77726eec4251e50,new,2026-09-08T10:38:04.889748,,"Payment received on 28 August 2026 - £4,000.00",Steve Barclay,ad_hoc_payments
10506,252577d8585cc9ae66826e088e1c6915,new,2026-09-08T10:38:04.889748,,Payment received on 01 September 2026 - £300.00,Sir Bernard Jenkin,ad_hoc_payments
10507,7cf0718484ad612fb058f9157608d278,new,2026-09-08T10:38:04.889748,,"Payment received on 01 August 2026 - £1,640.00",Jess Phillips,ad_hoc_payments
10508,4ce615bd8cc825875330a58d3a87da4c,new,2026-09-08T10:38:04.889748,,"Payment received on 25 August 2026 - £1,000.00",Jess Phillips,ad_hoc_payments
10509,c6683935b44f45b92a8f8c9c0844c93f,new,2026-09-08T10:38:04.889748,,"Payment received on 25 August 2026 - £4,050.00",Dr Neil Shastri-Hurst,ad_hoc_payments
10510,14e99afaaab8be95e84800b0ca278a05,new,2026-09-08T10:38:04.889748,,"Payment received on 31 July 2026 - £11,050.00",Sir Geoffrey Cox,ad_hoc_payments
10511,704b454f06489557a237dee875220358,new,2026-09-08T10:38:04.889748,,"Payment received on 31 July 2026 - £27,500.00",Sir Geoffrey Cox,ad_hoc_payments
10512,e1d7e92da46f4d99b6e80ed12cc8399a,new,2026-09-08T10:38:04.889748,,"Payment received on 31 July 2026 - £3,000.00",Sir Geoffrey Cox,ad_hoc_payments
10513,829bfd8cd135dc2906191af5ee13268f,new,2026-09-08T10:38:04.889748,,"Payment received on 14 August 2026 - £1,150.00",Barry Gardiner,ad_hoc_payments
10514,46146ed9b71d8fc8b21240cc7c441809,new,2026-09-08T10:38:04.889748,,"Payment received on 12 August 2026 - £25,740.46",Rishi Sunak,ad_hoc_payments
10515,8b18e46ffdecb272ed094d18d1bbe077,new,2026-09-08T10:38:04.889748,,"Payment received on 31 July 2026 - £2,664.29",Chris Coghlan,ad_hoc_payments
10516,1c6a9ea244aded8d00722d1e75b82810,new,2026-09-08T10:38:04.889748,,"Payment received on 19 August 2026 - £2,885.36",Rupert Lowe,ad_hoc_payments
10517,1c01be0f502ba2c406372c2c55decb46,new,2026-09-08T10:38:04.889748,,"David Robert Meller - £2,000.00",Alex Burghart,donations
10518,04106984e771b7de827b667a6e1092d1,new,2026-09-08T10:38:04.889748,,"Hannah Clements - £5,000.00",Mr David Lammy,donations
10519,390e50fff550ef2dadc82775d150aa85,new,2026-09-08T10:38:04.889748,,"Rebecca Elizabeth Scott Harris & Mark Skelton - £5,000.00",Rebecca Harris,donations
10520,93d2bf21cb1846b33e9f2a79bb81fdd0,new,2026-09-08T10:38:04.889748,,"Michael Craven - £5,000.00",Oliver Ryan,donations
10521,5dc8dd3c53cd819176a5373824a7536d,new,2026-09-08T10:38:04.889748,,"GMB Midlands - £4,000.00",Laurence Turner,donations
10522,cec1a5376ae23f21030b5cf66560570b,new,2026-09-08T10:38:04.889748,,"Unison - £3,000.00",Dr Simon Opher,donations
10523,955547e55d0cc6ae7a05e8d618e7acc2,new,2026-09-08T10:38:04.889748,,"Unison - £4,500.00",Dr Simon Opher,donations
10524,e7bea26037b8320ed9bc526e918aa7f4,new,2026-09-08T10:38:04.889748,,"Labour Together Limited - £5,000.00",Dr Simon Opher,donations
10525,f4555e4b14f1066c3d460d235d7974bd,new,2026-09-08T10:38:04.889748,,"Philip Yerby - £5,000.00",Greg Smith,donations
10526,7e69485f1302a6026a6874f57ed40d4b,new,2026-09-08T10:38:04.889748,,"James Moore - £4,000.00",Anna Sabine,donations
10527,95be3587c30c86f0a95aefb9c3bb2939,new,2026-09-08T10:38:04.889748,,"Josie Forte - £2,000.00",Steve Darling,donations
10528,2c46ae0ab81a692c8a30c05ba508f0e0,new,2026-09-08T10:38:04.889748,,"London Northwestern Railway - £1,641.03",Emily Darlington,donations
10529,0af00e708f21e9d2c1ef300d0389d28c,new,2026-09-08T10:38:04.889748,,"Julia Boddy - £2,000.00",Helen Maguire,donations
10530,1de10cb854793d2e3023fc0ef756241a,new,2026-09-08T10:38:04.889748,,"RCL Partners - £10,000.00",Nigel Huddleston,donations
10531,ffa036d45defa69d62448da6cebce496,new,2026-09-08T10:38:04.889748,,"IPGL Ltd - £3,000.00",Alex Burghart,donations
10532,8e8828b0ae61366b280e3524e857049d,new,2026-09-08T10:38:04.889748,,"Mr Lindsay C N Bury - £5,000.00",Stuart Anderson,donations
10533,717031d177e1dc23161a992f13b6158d,new,2026-09-08T10:38:04.889748,,"Philip Gosling - £3,255.00",Chris Coghlan,donations
10534,eca6eb1beade8c3807eefcb02e6c0360,new,2026-09-08T10:38:04.889748,,"PCB Solicitors LLP - £1,950.00",Shaun Davies,donations
10535,fc82183744d7225de56677c93f692658,new,2026-09-08T10:38:04.889748,,"Bradford Estates Group Limited - £1,950.00",Shaun Davies,donations
10536,467f89c247bc90acb74f9e50fcaf5f04,new,2026-09-08T10:38:04.889748,,"Carlton Political Fund - £3,695.00",Sir Ashley Fox,donations
10537,ef7094c797ac74851cada001bb1ec945,new,2026-09-08T10:38:04.889748,,"Brian and Alexis Cassin - £2,000.00",Max Wilkinson,donations
10538,56e084973206277c389597660f2ac6e5,new,2026-09-08T10:38:04.889748,,"Clear Accountancy Services Ltd - £1,950.00",Shaun Davies,donations
10539,fc505fb854a5198258055c7439999436,new,2026-09-08T10:38:04.889748,,"Wynn Developments Limited - £1,950.00",Shaun Davies,donations
10540,07680d6344743fe9d6c175427d179df9,new,2026-09-08T10:38:04.889748,,"Telford College - £1,950.00",Shaun Davies,donations
10541,2fe972456eb6a62f58099302b782bfee,new,2026-09-08T10:38:04.889748,,Telford College - £998.00,Shaun Davies,donations
10542,4d27cdebff3dd720a44fba79756bb1a8,new,2026-09-08T10:38:04.889748,,"Faith in Public Ltd - £30,141.62",Tim Farron,donations
10543,33bd8d744adbe7ac5868c429c89a25aa,new,2026-09-08T10:38:04.889748,,"The Refugee, Asylum and Migration Policy Project (RAMP) - £7,458.75",Olivia Blake,donations
10544,2ddef0493dc3b5984a01f63d5ec3f671,new,2026-09-08T10:38:04.889748,,"Robin Brown - £5,833.38",Munira Wilson,donations
10545,cdb1f8499c6de0d64be6da3744249904,new,2026-09-08T10:38:04.889748,,Ideas Network 2030 Limited - £300.00,Dr Neil Shastri-Hurst,gifts_uk
10546,597c3e5b05c0e698a2ec82802827b18f,new,2026-09-08T10:38:04.889748,,Jill Hanna - £500.00,Dr Ellie Chowns,gifts_uk
10547,44fe485f54d67a411665991499eabc57,new,2026-09-08T10:38:04.889748,,"Silverstone Circuit - £1,860.00",Dave Doogan,gifts_uk
10548,8a8ca2b15723820f6c6dc4dc35ab6899,new,2026-09-08T10:38:04.889748,,England and Wales Cricket Board - £250.00,Andrew Lewin,gifts_uk
10549,38332bf1c028b8509948aa2097b940ff,new,2026-09-08T10:38:04.889748,,England and Wales Cricket Board - £270.00,Andrew Lewin,gifts_uk
10550,48ed86aca2ba1b0694677f884649e909,new,2026-09-08T10:38:04.889748,,European Athletics Championships Ventures LLP - £600.00,Mr Louie French,gifts_uk
10551,4c1cf997e1ec0261aa4213ce3657de5f,new,2026-09-08T10:38:04.889748,,What a shot Leicester Ltd - £750.00,Shivani Raja,gifts_uk
10552,17e864836f642fed0ebc94b346fd7cda,new,2026-09-08T10:38:04.889748,,BBC - £741.00,Dr Caroline Johnson,gifts_uk
10553,cb103d2e81493be1b141c8e1bbde8194,new,2026-09-08T10:38:04.889748,,The Signal Pub - £600.00,Ellie Reeves,gifts_uk
10554,e1099a4c1c591f2405956a32e539f88a,new,2026-09-08T10:38:04.889748,,European Athletics Championships Athletics LLP - £600.00,Nigel Huddleston,gifts_uk
10555,53bcb29a55e1247da32abcf9a50125ce,new,2026-09-08T10:38:04.889748,,Exeter Rugby Club Ltd - £380.00,Steve Race,gifts_uk
10556,f596683fbeb5b5ac97fa281c89c16cca,new,2026-09-08T10:38:04.889748,,Simon Ruddick - £948.00,Sarah Gibson,gifts_uk
10557,a6711cb69bcbabf1fadd05c788a6d046,new,2026-09-08T10:38:04.889748,,"Peace and Justice Project - £1,199.32",Jeremy Corbyn,gifts_uk
10558,832a401ce1d74702a2a44addb155077c,new,2026-09-08T10:38:04.889748,,"Coforge UK Limited - £1,300.00",Shaun Davies,gifts_uk
10559,a2c6f6b18ea7d82b3fb2c4ea21ed2766,new,2026-09-08T10:38:04.889748,,"Coforge UK Limited - £2,400.00",Shaun Davies,gifts_uk
10560,74ca24eaed9e012e85d1b094707ad191,new,2026-09-08T10:38:04.889748,,"National Liberal Club - £1,140.00",Max Wilkinson,gifts_uk
10561,89ca09adbc92cc692ff2a08f7b417cfb,new,2026-09-08T10:38:04.889748,,International visit to United States between 06 August 2026 and 10 August 2026,Katrina Murray,visits
10562,f13b04da169fb11d76431e6dcfcf3ab5,new,2026-09-08T10:38:04.889748,,International visit to Egypt between 16 August 2026 and 21 August 2026,Naushabah Khan,visits
10563,878ceb01e5f8c470662a84eeed01bd6a,new,2026-09-08T10:38:04.889748,,International visit to Egypt between 16 August 2026 and 21 August 2026,Mark Sewards,visits
10564,30a0db7c4986ccef34ee7e37c23151ec,new,2026-09-08T10:38:04.889748,,International visit to United States between 06 August 2026 and 11 August 2026,Mr Paul Foster,visits
10565,cde057c62ae3671e8fc095a37fb16dca,new,2026-09-08T10:38:04.889748,,International visit to Egypt between 16 August 2026 and 21 August 2026,Gordon McKee,visits
10566,9bd6e8efefad4d19618ae060da67bd15,new,2026-09-08T10:38:04.889748,,International visit to Jersey between 14 August 2026 and 20 August 2026,Andrew Rosindell,visits
10567,1dc228db355d2df799e1c8eb176ad5cc,new,2026-09-08T10:38:04.889748,,International visit to Greece between 21 July 2026 and 27 July 2026,Bambos Charalambous,visits
10568,52a8b4f5db78b2da72b645258fb70e2c,new,2026-09-08T10:38:04.889748,,Embassy of the State of Qatar - £780.00,Mr Gagan Mohindra,gifts_foreign
10569,a4450c6300aa029464243829f74f287a,new,2026-09-08T10:38:04.889748,,Property in London,Henry Tufnell,property
10570,d53373ffaeeccd5301e1c70a8c2bd071,new,2026-09-08T10:38:04.889748,,"Visiting Professor in Practice, LSE, Mediation and Facilitation Initiative based in the Centre for Analysis for Risk and Regulation (CARR). This is an unpaid role.",Sir Julian Smith,miscellaneous
10571,f30e5466a1280da465af6bde5371952e,new,2026-09-08T10:38:04.889748,,"Unpaid Director of The Katie Lam Media Company Limited (company number 17388145), a company limited by guarantee, incorporated on 7 August 2026. I am the sole director and a person with significant control.",Katie Lam,miscellaneous
10572,540e5c3f872049ac7d69d9406fb639d7,new,2026-09-08T10:38:04.889748,,Two complimentary tickets and lunch for myself and my Chief of Staff at the 2026 Farnborough Air Show (the value of this interest falls below the threshold for registration under Category 3).,Luke Taylor,miscellaneous
10573,978c155fa3b3f61fdb884a4508ab104e,new,2026-09-08T10:38:04.889748,,Chair of Trustees at HOPE Unlimited Charitable Trust (formerly known as HOPE not hate Charitable Trust). This is an unpaid role.,Gurinder Singh Josan,miscellaneous
10574,3ef6e79f20ee4de92e01c4155470c423,new,2026-09-08T10:38:04.889748,,Payment received on 01 September 2026 - £750.00,Sir Iain Duncan Smith,overall
10575,c46f87cae284075f5eb056c0e4673bce,new,2026-09-08T10:38:04.889748,,Non-executive director - Walsingham Estate Management Ltd,Jerome Mayhew,overall
10576,3bcd60c1e16da406f090ea6421376b69,new,2026-09-08T10:38:04.889748,,"Payment received on 25 August 2026 - £4,050.00",Dr Neil Shastri-Hurst,overall
10577,61039a8b4236f580d5cd9a028d3bc2f5,new,2026-09-08T10:38:04.889748,,Payment received on 03 September 2026 - £166.67,Dr Neil Shastri-Hurst,overall
10578,8b70ec3b5ba25b14e56f668c21bd3e29,new,2026-09-08T10:38:04.889748,,Chair of Trustees at HOPE Unlimited Charitable Trust (formerly known as HOPE not hate Charitable Trust). This is an unpaid role.,Gurinder Singh Josan,overall
10579,1299fd1683c4b8fdaed044f5523ca471,new,2026-09-08T10:38:04.889748,,"Payment received on 19 August 2026 - £2,885.36",Rupert Lowe,overall
10580,9790786d5526fa0f81f96bdc4072480e,new,2026-09-08T10:38:04.889748,,"Payment received on 01 September 2026 - £6,223.45",Sir Julian Smith,overall
10581,72d41eed116e86e4aefce154be722c59,new,2026-09-08T10:38:04.889748,,"Payment received on 12 August 2026 - £25,740.46",Rishi Sunak,overall
10582,b652242a1cdaa6a6d80bbc67841d9bae,new,2026-09-08T10:38:04.889748,,"Payment received on 14 August 2026 - £1,150.00",Barry Gardiner,overall
10583,3aded9adb8f310ed9cb1a4b2e0b56559,new,2026-09-08T10:38:04.889748,,"Payment received on 28 August 2026 - £4,000.00",Steve Barclay,overall
10584,01b2aa22a204a59b36296ec0bc2c064a,new,2026-09-08T10:38:04.889748,,"Payment received on 31 July 2026 - £2,664.29",Chris Coghlan,overall
10585,07f3272fdc1f9d8c18634795f4e5245f,new,2026-09-08T10:38:04.889748,,"Robin Brown - £5,833.38",Munira Wilson,overall
10586,37efcad7a07c8b7538accc4389f7ef12,new,2026-09-08T10:38:04.889748,,"Payment received on 31 July 2026 - £11,050.00",Sir Geoffrey Cox,overall
10587,c8c30e7c27ae0064c51ce212019e716c,new,2026-09-08T10:38:04.889748,,"The Refugee, Asylum and Migration Policy Project (RAMP) - £7,458.75",Olivia Blake,overall
10588,4b6a0df3488d63da722deebb70ef41bb,new,2026-09-08T10:38:04.889748,,"Faith in Public Ltd - £30,141.62",Tim Farron,overall
10589,3e899b99501fdcd8bab9b838f202b93c,new,2026-09-08T10:38:04.889748,,"Payment received on 31 July 2026 - £3,000.00",Sir Geoffrey Cox,overall
10590,3f9aff942b5d8a22602ef17d5452b70d,new,2026-09-08T10:38:04.889748,,Payment received on 01 September 2026 - £300.00,Sir Bernard Jenkin,overall
10591,d6c9592b57e854a5d4df201e7d7c8789,new,2026-09-08T10:38:04.889748,,"National Liberal Club - £1,140.00",Max Wilkinson,overall
10592,c95f555db1c870ac5af9c2fe08c917e0,new,2026-09-08T10:38:04.889748,,"Peace and Justice Project - £1,199.32",Jeremy Corbyn,overall
10593,5f0fb1bcccb54ff5d4fcad381179e15b,new,2026-09-08T10:38:04.889748,,Payments for translated version of my book (no additional hours worked) - Commonwealth Publishing Company Ltd,Alan Mak,overall
10594,90d5633ccb52c5154c502ca892d3d9df,new,2026-09-08T10:38:04.889748,,"Brian and Alexis Cassin - £2,000.00",Max Wilkinson,overall
10595,6a19c1368bf0a444704b8a6faeab4c58,new,2026-09-08T10:38:04.889748,,"Coforge UK Limited - £1,300.00",Shaun Davies,overall
10596,609c56c13b4bc6c4725731229894726b,new,2026-09-08T10:38:04.889748,,"Clear Accountancy Services Ltd - £1,950.00",Shaun Davies,overall
10597,4932c22efd69e69d190847284d5345b5,new,2026-09-08T10:38:04.889748,,"Wynn Developments Limited - £1,950.00",Shaun Davies,overall
10598,c4d5c44f9eacaea2be54f0fb6776d816,new,2026-09-08T10:38:04.889748,,"Coforge UK Limited - £2,400.00",Shaun Davies,overall
10599,03dce3c443088b559a3683afba0bf35e,new,2026-09-08T10:38:04.889748,,"Telford College - £1,950.00",Shaun Davies,overall
10600,65ae213e1c7aa6ecff1fee887ea10417,new,2026-09-08T10:38:04.889748,,"Carlton Political Fund - £3,695.00",Sir Ashley Fox,overall
10601,a67538bb47f72a2f1dc9c541d4c785b4,new,2026-09-08T10:38:04.889748,,Two complimentary tickets and lunch for myself and my Chief of Staff at the 2026 Farnborough Air Show (the value of this interest falls below the threshold for registration under Category 3).,Luke Taylor,overall
10602,2dc76eac63b7edc281aba1100c11a62f,new,2026-09-08T10:38:04.889748,,International visit to Greece between 21 July 2026 and 27 July 2026,Bambos Charalambous,overall
10603,c25b2654cb22c83a15cb64887bdf3971,new,2026-09-08T10:38:04.889748,,"IPGL Ltd - £3,000.00",Alex Burghart,overall
10604,745380ce9fd790cab0417bb4129f5500,new,2026-09-08T10:38:04.889748,,"Mr Lindsay C N Bury - £5,000.00",Stuart Anderson,overall
10605,526f9773ac9c57ff2585c010ce75d7af,new,2026-09-08T10:38:04.889748,,Royalties from published book - The Orion Publishing Group,Andy Burnham,overall
10606,e466c3337a0bf52b4d9b17af4b5f1195,new,2026-09-08T10:38:04.889748,,"Payment received on 10 August 2026 - £3,000.00",Andy Burnham,overall
10607,e14d73a7bd2385d60ed081df6f8958b5,new,2026-09-08T10:38:04.889748,,"PCB Solicitors LLP - £1,950.00",Shaun Davies,overall
10608,b7733615f5bbbce1f1f57be4d7103ed5,new,2026-09-08T10:38:04.889748,,"Bradford Estates Group Limited - £1,950.00",Shaun Davies,overall
10609,1a2cc20184d4ae45b8e5fe2270937850,new,2026-09-08T10:38:04.889748,,"Philip Gosling - £3,255.00",Chris Coghlan,overall
10610,44b4b779219319c55b624cca009db3b9,new,2026-09-08T10:38:04.889748,,Legal services - Gherson LLP,Sir Geoffrey Cox,overall
10611,c6667ec7dccbc0ae418026ca18ab87d4,new,2026-09-08T10:38:04.889748,,"Payment received on 31 July 2026 - £27,500.00",Sir Geoffrey Cox,overall
10612,b1c7edfa5bacb0606d22165f032045a2,new,2026-09-08T10:38:04.889748,,International visit to Jersey between 14 August 2026 and 20 August 2026,Andrew Rosindell,overall
10613,6edd1c41f37064b5e6353e585bc59a40,new,2026-09-08T10:38:04.889748,,"RCL Partners - £10,000.00",Nigel Huddleston,overall
10614,9eb8c628366a5845a7ebd4fe0ce1ced9,new,2026-09-08T10:38:04.889748,,Simon Ruddick - £948.00,Sarah Gibson,overall
10615,929e1ec960822b9ed5fea0a0a874ed59,new,2026-09-08T10:38:04.889748,,Exeter Rugby Club Ltd - £380.00,Steve Race,overall
10616,1795d74dc728997fa5a92c0e96c280ee,new,2026-09-08T10:38:04.889748,,"Unpaid Director of The Katie Lam Media Company Limited (company number 17388145), a company limited by guarantee, incorporated on 7 August 2026. I am the sole director and a person with significant control.",Katie Lam,overall
10617,892e43e4aeb1734eed9d211d0aab77dd,new,2026-09-08T10:38:04.889748,,"Julia Boddy - £2,000.00",Helen Maguire,overall
10618,c595e7593d8f09c2c66fb9f248eb4981,new,2026-09-08T10:38:04.889748,,The Signal Pub - £600.00,Ellie Reeves,overall
10619,37006cc08ae85c5f6762337fd391655e,new,2026-09-08T10:38:04.889748,,Podcast appearance - United Agents,Jess Phillips,overall
10620,f08a2861ea3082761b5eac4198201058,new,2026-09-08T10:38:04.889748,,"Payment received on 01 August 2026 - £1,640.00",Jess Phillips,overall
10621,12ad475aaeb5cf7a2c218e9035215bc2,new,2026-09-08T10:38:04.889748,,Media Appearance - LBC,Jess Phillips,overall
10622,7097526a04059b1e0285b067654e0b8c,new,2026-09-08T10:38:04.889748,,"Payment received on 25 August 2026 - £1,000.00",Jess Phillips,overall
10623,b257fd204a38438b907eb90a4a51a1dd,new,2026-09-08T10:38:04.889748,,Embassy of the State of Qatar - £780.00,Mr Gagan Mohindra,overall
10624,ebac88603b58bef03733c6f55ef048b3,new,2026-09-08T10:38:04.889748,,European Athletics Championships Athletics LLP - £600.00,Nigel Huddleston,overall
10625,0f8089d4298aa87c2ff4aba8c1cedbdd,new,2026-09-08T10:38:04.889748,,BBC - £741.00,Dr Caroline Johnson,overall
10626,eeb9e9a3e670535543068de62f75a7eb,new,2026-09-08T10:38:04.889748,,"London Northwestern Railway - £1,641.03",Emily Darlington,overall
10627,aa521e507f9956994b0eeccfd25f2646,new,2026-09-08T10:38:04.889748,,"Josie Forte - £2,000.00",Steve Darling,overall
10628,e6af5c4b59535f288cadf363b3926f98,new,2026-09-08T10:38:04.889748,,International visit to Egypt between 16 August 2026 and 21 August 2026,Gordon McKee,overall
10629,97df34ecb7fa92b0379ea2621272c2ad,new,2026-09-08T10:38:04.889748,,"James Moore - £4,000.00",Anna Sabine,overall
10630,140056440189301077046d2127d9c0bb,new,2026-09-08T10:38:04.889748,,What a shot Leicester Ltd - £750.00,Shivani Raja,overall
10631,bffb2f7e116a5743aa189b517b444672,new,2026-09-08T10:38:04.889748,,"Philip Yerby - £5,000.00",Greg Smith,overall
10632,78c651890a7a268da649f0f8ad7574d1,new,2026-09-08T10:38:04.889748,,"Unison - £3,000.00",Dr Simon Opher,overall
10633,04df33e8d6408a4d6c5199d37feda700,new,2026-09-08T10:38:04.889748,,"Unison - £4,500.00",Dr Simon Opher,overall
10634,39b96e43b154e40f9421559f76f4af2d,new,2026-09-08T10:38:04.889748,,"Labour Together Limited - £5,000.00",Dr Simon Opher,overall
10635,62ff20103dfc858d1b57cfb98d32d2a8,new,2026-09-08T10:38:04.889748,,"GMB Midlands - £4,000.00",Laurence Turner,overall
10636,718e8e8ab3e7ee60ca0cde8ba953b6c3,new,2026-09-08T10:38:04.889748,,European Athletics Championships Ventures LLP - £600.00,Mr Louie French,overall
10637,5c3e8086ff189f2460c3a41172d89b4b,new,2026-09-08T10:38:04.889748,,International visit to United States between 06 August 2026 and 11 August 2026,Mr Paul Foster,overall
10638,7c7d2129b6e007f00500a2d6259787e8,new,2026-09-08T10:38:04.889748,,Telford College - £998.00,Shaun Davies,overall
10639,25fecaf06f3bea8179b003447129f436,new,2026-09-08T10:38:04.889748,,International visit to United States between 06 August 2026 and 10 August 2026,Katrina Murray,overall
10640,849c799cf05b05f7ac80e0b220505760,new,2026-09-08T10:38:04.889748,,International visit to Egypt between 16 August 2026 and 21 August 2026,Naushabah Khan,overall
10641,f92b9a8b2a2cfc1474606b7680298adf,new,2026-09-08T10:38:04.889748,,"Michael Craven - £5,000.00",Oliver Ryan,overall
10642,0ce85d20b8bbe893e18dc868e2d0b0c3,new,2026-09-08T10:38:04.889748,,International visit to Egypt between 16 August 2026 and 21 August 2026,Mark Sewards,overall
10643,0fbd2287314c216906b1eabe88226975,new,2026-09-08T10:38:04.889748,,Property in London,Henry Tufnell,overall
10644,6d27e3e1bd7d20c2524b761b3c69b6f3,new,2026-09-08T10:38:04.889748,,England and Wales Cricket Board - £250.00,Andrew Lewin,overall
10645,029d903322a262633fd1abcc3bc31312,new,2026-09-08T10:38:04.889748,,England and Wales Cricket Board - £270.00,Andrew Lewin,overall
10646,4d34f7470639b89418cb15849ddfe810,new,2026-09-08T10:38:04.889748,,"Rebecca Elizabeth Scott Harris & Mark Skelton - £5,000.00",Rebecca Harris,overall
10647,6f00203c329e9240cef1ae35ef15b0f1,new,2026-09-08T10:38:04.889748,,"Hannah Clements - £5,000.00",Mr David Lammy,overall
10648,b331fd352ea07690d340cbcd367baf21,new,2026-09-08T10:38:04.889748,,Ideas Network 2030 Limited - £300.00,Dr Neil Shastri-Hurst,overall
10649,de821d4898ce0d7163e76d75382a2b47,new,2026-09-08T10:38:04.889748,,Jill Hanna - £500.00,Dr Ellie Chowns,overall
10650,6e1b511e5cc0c6e2da77f5649fec00af,new,2026-09-08T10:38:04.889748,,"Visiting Professor in Practice, LSE, Mediation and Facilitation Initiative based in the Centre for Analysis for Risk and Regulation (CARR). This is an unpaid role.",Sir Julian Smith,overall
10651,d360e96f1dc85a3731f156b26a5153ff,new,2026-09-08T10:38:04.889748,,"David Robert Meller - £2,000.00",Alex Burghart,overall
10652,2b2e040f65cc29fbe2ef088727be6567,new,2026-09-08T10:38:04.889748,,"Silverstone Circuit - £1,860.00",Dave Doogan,overall
9982,eb569fad6a4bea92aacfbe2d38b60523,new,2026-08-19T06:40:16.030553,,Payment received on 11 August 2026 - £60.03,Nick Thomas-Symonds,ad_hoc_payments
9983,5c9c33b2b1ccaedde6f4ad92819745ea,new,2026-08-19T06:40:16.030553,,"Payment received on 01 August 2026 - £2,166.66",Esther McVey,ad_hoc_payments
9984,358093b98388097102f26fd0fa357a63,new,2026-08-19T06:40:16.030553,,Payment received on 14 August 2026 - £600.00,Esther McVey,ad_hoc_payments
9985,9fa511e6029e7bc27a92e139d296e046,new,2026-08-19T06:40:16.030553,,"Payment received on 07 August 2026 - £2,000.00",Esther McVey,ad_hoc_payments
9986,8b3fb69805ab7a8418291175721a80f6,new,2026-08-19T06:40:16.030553,,"Payment received on 17 July 2026 - £1,511.51",Tom Tugendhat,ad_hoc_payments
9987,96ed4850fe0e6a7da023bb6225996a50,new,2026-08-19T06:40:16.030553,,Payment received on 05 August 2026 - £189.69,Lee Anderson,ad_hoc_payments
9988,c11e31c871fc4758247838b6641b73ba,new,2026-08-19T06:40:16.030553,,Payment received on 22 July 2026 - £184.62,Lee Anderson,ad_hoc_payments
9989,c49e373814b03453c7b93f221cbd4e20,new,2026-08-19T06:40:16.030553,,"Payment received on 07 August 2026 - £14,735.32",Gareth Davies,ad_hoc_payments
9990,106f605eb3c124cec33a1836e50a78cb,new,2026-08-19T06:40:16.030553,,Payment received on 11 August 2026 - £739.15,Jesse Norman,ad_hoc_payments
9991,94083322ab4331da72e43f17b3a00723,new,2026-08-19T06:40:16.030553,,"Payment received on 31 July 2026 - £13,167.56",Dr Andrew Murrison,ad_hoc_payments
9992,3ef99d4b7271d89826fec753f98d0155,new,2026-08-19T06:40:16.030553,,"Payment received on 15 July 2026 - £3,750.00",Sir Geoffrey Cox,ad_hoc_payments
9993,d45e7efe48ecbec460e793f0ad5feb63,new,2026-08-19T06:40:16.030553,,"Payment received on 15 July 2026 - £55,000.00",Sir Geoffrey Cox,ad_hoc_payments
9994,0c3901415991e3c4781565dd97396f5d,new,2026-08-19T06:40:16.030553,,"Payment received on 04 August 2026 - £2,800.00",Tom Tugendhat,ad_hoc_payments
9995,fdc4447f3b8b26c1d06fad46a1573061,new,2026-08-19T06:40:16.030553,,Payment received on 10 July 2026 - £200.00,Clive Lewis,ad_hoc_payments
9996,67e566b6bb591d274caeff83966bfe9b,new,2026-08-19T06:40:16.030553,,"Payment received on 05 August 2026 - £3,126.35",Rupert Lowe,ad_hoc_payments
9997,877da097e8727a10589550b3f9c2a4de,new,2026-08-19T06:40:16.030553,,Payment received on 05 August 2026 - £500.00,Sir Iain Duncan Smith,ad_hoc_payments
9998,9611748f278e02b833e9dfd62cd87c91,new,2026-08-19T06:40:16.030553,,"Payment received on 30 July 2026 - £10,407.70",Tom Tugendhat,ad_hoc_payments
9999,fd0c87bb6249ba9da400fe6dc77a132f,new,2026-08-19T06:40:16.030553,,Payment received on 30 June 2026 - £883.30,Chris Coghlan,ad_hoc_payments
10000,e577b2222f9bfea78c600975f421aec4,new,2026-08-19T06:40:16.030553,,"Payment received on 30 July 2026 - £4,000.00",Steve Barclay,ad_hoc_payments
10001,62b15bd2119927b85d4749fca1620fc4,new,2026-08-19T06:40:16.030553,,"Payment received on 24 July 2026 - £1,000.00",Barry Gardiner,ad_hoc_payments
10002,4026f9badf342404c3b7e37c079e4a61,new,2026-08-19T06:40:16.030553,,Payment received on 30 July 2026 - £570.00,Carolyn Harris,ad_hoc_payments
10003,f1c4f00a305b13e2688bf13c1f3f398f,new,2026-08-19T06:40:16.030553,,"Payment received on 24 July 2026 - £2,400.00",Angela Rayner,ad_hoc_payments
10004,f3516c001c3e360d735cad977d49ede1,new,2026-08-19T06:40:16.030553,,Payment received on 01 July 2026 - £649.14,Tony Vaughan,ad_hoc_payments
10005,8e2643d38195445d4ab3b6c79f252407,new,2026-08-19T06:40:16.030553,,Payment received on 21 July 2026 - £500.00,Sir Iain Duncan Smith,ad_hoc_payments
10006,1a37a2b9b23edf80079279eb1386e499,new,2026-08-19T06:40:16.030553,,"Payment received on 22 July 2026 - £4,412.76",Rupert Lowe,ad_hoc_payments
10007,2cf256a6c2221780e839a8e15b504a8a,new,2026-08-19T06:40:16.030553,,"Payment received on 01 July 2026 - £11,050.00",Sir Geoffrey Cox,ad_hoc_payments
10008,fce4b1db6557a67530112afaa47423f7,new,2026-08-19T06:40:16.030553,,"Payment received on 01 July 2026 - £125,000.00",Sir Geoffrey Cox,ad_hoc_payments
10009,7aaaf64324591343cf67cdd9ff403c94,new,2026-08-19T06:40:16.030553,,Payment received on 15 January 2026 - £82.77,Alison Hume,ad_hoc_payments
10010,5c32ee78011d21fddaaa4ea1137ff381,new,2026-08-19T06:40:16.030553,,Payment received on 19 March 2026 - £79.41,Alison Hume,ad_hoc_payments
10011,537d50fa25e69f07e2691eb0fdc8f8cb,new,2026-08-19T06:40:16.030553,,Payment received on 31 March 2026 - £116.27,Alison Hume,ad_hoc_payments
10012,cc7510d3da6c96a1a00c9355196ceb35,new,2026-08-19T06:40:16.030553,,Payment received on 18 June 2026 - £140.89,Alison Hume,ad_hoc_payments
10013,d601b7df046c0143a54b2208aeb44263,new,2026-08-19T06:40:16.030553,,"Payment received on 25 June 2026 - £5,000.00",Dan Carden,ad_hoc_payments
10014,72137eba081b789259fdeab33d141ed5,new,2026-08-19T06:40:16.030553,,"Payment received on 14 July 2026 - £1,050.00",Barry Gardiner,ad_hoc_payments
10015,fc59c52a02f0f5a3c80543a54d7c13d1,new,2026-08-19T06:40:16.030553,,Payment received on 17 July 2026 - £270.00,Paulette Hamilton,ad_hoc_payments
10016,52539cf97608276ae0a7e2fd57b04be6,new,2026-08-19T06:40:16.030553,,Payment received on 17 July 2026 - £300.00,Paulette Hamilton,ad_hoc_payments
10017,c5c07947d4ae1d98c044118bb052c62e,new,2026-08-19T06:40:16.030553,,Payment received on 14 July 2026 - £40.00,Sir Iain Duncan Smith,ad_hoc_payments
10018,ab3607e2a3a95b53afb5d2fdc343dad9,new,2026-08-19T06:40:16.030553,,"Payment received on 19 July 2026 - £1,165.00",Anneliese Dodds,ad_hoc_payments
10019,4b9e88462785b87c508894da44a570ad,new,2026-08-19T06:40:16.030553,,"Payment received on 30 June 2026 - £2,166.66",Esther McVey,ad_hoc_payments
10020,1feff931c0685acd821d783ca90ad544,new,2026-08-19T06:40:16.030553,,Payment received on 14 July 2026 - £850.00,Esther McVey,ad_hoc_payments
10021,8869caa0460e09526ae1868b17ec5b01,new,2026-08-19T06:40:16.030553,,Payment received on 16 July 2026 - £315.49,Ms Stella Creasy,ad_hoc_payments
10022,60b44f85dcf04ac12a7e1856291285ac,new,2026-08-19T06:40:16.030553,,"Payment received on 07 August 2026 - £10,265.50",Rupert Lowe,ad_hoc_payments
10023,a431fdeceb1e897c0682ffa826cba258,new,2026-08-19T06:40:16.030553,,Payment expected for services on 15 July 2026 - £150.00,Dame Karen Bradley,ad_hoc_payments
10024,131198eeecdb72b1f0f689881a4f5177,new,2026-08-19T06:40:16.030553,,Payment received on 15 July 2026 - £370.00,Tom Tugendhat,ad_hoc_payments
10025,84dddb1811020871db439d43ce437380,new,2026-08-19T06:40:16.030553,,"Payment expected for services on 07 July 2026 - £1,000.00",Wes Streeting,ad_hoc_payments
10026,fea688e0ed49ec2a4367f608937a8ea9,new,2026-08-19T06:40:16.030553,,"Payment received on 13 May 2026 - £76,500.00",Angela Rayner,ad_hoc_payments
10027,43046629329da968bd3601e00b4ec57b,new,2026-08-19T06:40:16.030553,,"Agreement starting 09 October 2025 - £741,735.00",Rishi Sunak,ongoing_employment
10028,85ea814929340201c05db0f105f1939b,new,2026-08-19T06:40:16.030553,,"Agreement - £4,380.00",James Naish,ongoing_employment
10029,f0a2fd46bcc8700aa1b26a016e59a965,new,2026-08-19T06:40:16.030553,,"Agreement starting 25 September 2023 - £27,129.00",Dr Caroline Johnson,ongoing_employment
10030,1505ff4aebcdaa5c9731628881d8f990,new,2026-08-19T06:40:16.030553,,"Charles Fry - £12,500.00",Munira Wilson,donations
10031,77e617f3afaccefa0ac4023a3c6a690a,new,2026-08-19T06:40:16.030553,,"Robert James Latham - £2,500.00",Sir Keir Starmer,donations
10032,6b35bf94fac241a7fff10d458983696f,new,2026-08-19T06:40:16.030553,,"Telford International Centre Limited - £1,950.00",Shaun Davies,donations
10033,66a4f1fe231feb758d1c9626b546ddf9,new,2026-08-19T06:40:16.030553,,"Aviramp Limited - £1,950.00",Shaun Davies,donations
10034,2a3b13df178e288fe66ae23c6e3a2d3b,new,2026-08-19T06:40:16.030553,,"The Coalition for Global Prosperity (CGP) - £3,900.00",Alex Ballinger,donations
10035,93bd4e14b027fcb338a7921a87499dbf,new,2026-08-19T06:40:16.030553,,"James Moore - £4,000.00",Max Wilkinson,donations
10036,4a7d4cc22da64e0012c3652e690b9a8e,new,2026-08-19T06:40:16.030553,,"The Coalition for Global Prosperity (CGP) - £3,900.00",Wendy Morton,donations
10037,2c89b158bcdcc519c78fe597e88da3cc,new,2026-08-19T06:40:16.030553,,"Michael Watson - £4,000.00",Helen Maguire,donations
10038,27f4d49a7df2254fe05aa596ec40735a,new,2026-08-19T06:40:16.030553,,"Allamhouse Limited - £25,000.00",David Davis,donations
10039,b058530878a0392d9f2a5650a42b0655,new,2026-08-19T06:40:16.030553,,"Trailfinders Ltd - £55,000.00",David Davis,donations
10040,1260777788edce3b98e5a670573c7ec2,new,2026-08-19T06:40:16.030553,,"Susan Green - £5,000.00",Sir Mel Stride,donations
10041,c564f50088766195ca12cfef68965210,new,2026-08-19T06:40:16.030553,,"David Hoare - £5,000.00",Jess Brown-Fuller,donations
10042,208b86d74428d83b4de8b2563c36599a,new,2026-08-19T06:40:16.030553,,"Rafe Offer - £5,000.00",Anna Sabine,donations
10043,cf00e5d878903bbd369fe661f3b9264c,new,2026-08-19T06:40:16.030553,,"Saxon Air Charter Limited - £1,363.00",Alice Macdonald,donations
10044,30628dc562c3539d0c024f358e1f2f56,new,2026-08-19T06:40:16.030553,,"Zarah Sultana Campaigns Ltd - £3,780.00",Zarah Sultana,donations
10045,00629d41b46eb998c6b9af4acd84c09d,new,2026-08-19T06:40:16.030553,,"Richard Greer - £5,000.00",Mr David Lammy,donations
10046,730369d354d92c69ecf69e7cc503b9e0,new,2026-08-19T06:40:16.030553,,"David Buchler - £2,000.00",Mr David Lammy,donations
10047,19736b6ac01de41e3ef7fd3d9a9dc76d,new,2026-08-19T06:40:16.030553,,"Nomura International Plc - £7,000.00",Sir Jeremy Hunt,donations
10048,60bf80279be6ac362b9f04c288b485db,new,2026-08-19T06:40:16.030553,,"The Coalition for Global Prosperity - £2,100.00",Fleur Anderson,donations
10049,923eeba7e2cfd7ddc758489cb41c3c42,new,2026-08-19T06:40:16.030553,,"Grayling UK Limited - £1,506.07",Steve Yemm,donations
10050,3004d21fcd4c9e71d99d7e4311b8ee62,new,2026-08-19T06:40:16.030553,,"Ashen Capital Ltd - £7,500.00",Al Carns,donations
10051,199a34a1935658a0d0b270d098d29d3d,new,2026-08-19T06:40:16.030553,,"Hilton Nathanson - £5,000.00",Nigel Huddleston,donations
10052,705a26573d620703c32b100f50c58d02,new,2026-08-19T06:40:16.030553,,"Stuart Leach Associates Limited - £24,000.00",Nigel Huddleston,donations
10053,593c966586a0628869c2fb7549482b86,new,2026-08-19T06:40:16.030553,,"Avanti West Coast - £3,000.00",Oliver Ryan,donations
10054,383a2588f9abd8e02e207e98fd472460,new,2026-08-19T06:40:16.030553,,"London North Eastern Railway (LNER) - £3,044.00",Alan Strickland,donations
10055,bc3e8fd9197be4b7e8ef494264cb7adb,new,2026-08-19T06:40:16.030553,,"Scottish Unionist Association Trust - £5,000.00",David Mundell,donations
10056,27b99299ef297a32bd8890775d05b5ca,new,2026-08-19T06:40:16.030553,,"Joseph Rowntree Foundation - £24,072.00",Alex Sobel,donations
10057,4695e96702bb54afa66189cc4b992b34,new,2026-08-19T06:40:16.030553,,"HMC Partnership - £10,000.00",Graham Stuart,donations
10058,e3463607a925fe0efc74f22da0bf6970,new,2026-08-19T06:40:16.030553,,"David Archer - £1,500.00",Sir Mel Stride,donations
10059,f4b0b166c58680a5dddca61bc001e790,new,2026-08-19T06:40:16.030553,,"David Archer - £5,000.00",Sir Mel Stride,donations
10060,6b3e9e9ee3dfa995aa519d0b1f73a959,new,2026-08-19T06:40:16.030553,,"Geoff Thompson - £4,000.00",Kate Osborne,donations
10061,a76a8798f42024a5cb711813e98463d3,new,2026-08-19T06:40:16.030553,,"The Coalition for Global Prosperity (CGP) - £8,100.00",Monica Harding,donations
10062,04972d17a91ba8f0ba3f37f4bb244c6c,new,2026-08-19T06:40:16.030553,,"Park Garage Group PLC - £1,500.00",Sir Mel Stride,donations
10063,04d196849d3e93536e2f1145914fabd9,new,2026-08-19T06:40:16.030553,,"Park Garage Group PLC - £10,000.00",Sir Mel Stride,donations
10064,c33ad95b595492c80312b8844cc3c890,new,2026-08-19T06:40:16.030553,,"Michael Ashcroft - £10,000.00",Nigel Huddleston,donations
10065,72d10b1d02b70a9d80fe7eb5d0115ca0,new,2026-08-19T06:40:16.030553,,"Zarah Sultana Campaigns Ltd - £7,200.00",Zarah Sultana,donations
10066,32c4199c49a09de5b25a26f7ac31a520,new,2026-08-19T06:40:16.030553,,"Lord (Philip) Harris - £30,000.00",Laura Trott,donations
10067,5627ec7c9aa53b9288ab78db74dea0d3,new,2026-08-19T06:40:16.030553,,"Nicholas Aleksander - £2,000.00",Caroline Voaden,donations
10068,99bca5ab620b955e3a2ad33a560406fb,new,2026-08-19T06:40:16.030553,,"Signum Global Advisors LLP - £20,000.00",Angela Rayner,donations
10069,e90034123432dd329245c96dd3ee61d9,new,2026-08-19T06:40:16.030553,,"Humaiyra Jewellery Ltd - £10,000.00",Angela Rayner,donations
10070,dbe1ba011d859530b0ba591c1383226e,new,2026-08-19T06:40:16.030553,,"Michael Sternberg KC - £2,400.00",Sarah Sackman,donations
10071,8f9c516402b79cfc4e8dbac6b8723e3b,new,2026-08-19T06:40:16.030553,,"Adam Smith - £1,938.00",Monica Harding,donations
10072,d693abeff94e694a1a2c1c06a2109fb7,new,2026-08-19T06:40:16.030553,,"The Coalition for Global Prosperity (CGP) - £18,300.00",Monica Harding,donations
10073,43f95e6d1355502204b2b7b0e375ff7b,new,2026-08-19T06:40:16.030553,,London Northwestern Railway - £720.00,David Taylor,donations
10074,34db358cbd5b3a852298bdc54620105a,new,2026-08-19T06:40:16.030553,,"Michael Hintz - £5,000.00",Helen Whately,donations
10075,cd8e5bd01e6c8f7cccc27324fa5a4360,new,2026-08-19T06:40:16.030553,,"Country Land and Business Association Limited - £3,384.40",James Naish,donations
10076,92acc3abe238fc64f2fbf1aec8a4fe4c,new,2026-08-19T06:40:16.030553,,"Country Land and Business Association Limited - £1,440.00",James Naish,donations
10077,be699166d019d453dd194ce1732ef491,new,2026-08-19T06:40:16.030553,,Country Land and Business Association Limited - £586.22,James Naish,donations
10078,82cd14999c61b3b20b8d6c727ab952a8,new,2026-08-19T06:40:16.030553,,"Dominic Mathon - £1,500.00",Mike Martin,donations
10079,d22f80288e8d8726638cffd261947af4,new,2026-08-19T06:40:16.030553,,"Patrick Foster - £4,000.00",Alex Brewer,donations
10080,fd98efa330b6e0a9f9550c62ebe66f35,new,2026-08-19T06:40:16.030553,,"Lord Philip Harris - £2,500.00",Katie Lam,donations
10081,f39aee6574334e6f9539cdc4c21afa6d,new,2026-08-19T06:40:16.030553,,"John Perry - £1,794.50",Harpreet Uppal,donations
10082,aa023ee2285062a628b1db013cb81ff7,new,2026-08-19T06:40:16.030553,,"IPGL Ltd - £10,000.00",Nick Timothy,donations
10083,1a60d31a05ef105c9f479c5d7c8b4878,new,2026-08-19T06:40:16.030553,,"OPD Group Ltd - £54,213.30",Dan Jarvis,donations
10084,7b41458735dfa263636adceed4395412,new,2026-08-19T06:40:16.030553,,"Ernst & Young LLP - £16,500.00",Andy Burnham,donations
10085,a05716583b1f4db281517acab3e5f5aa,new,2026-08-19T06:40:16.030553,,"Lord Sainsbury of Turville - £66,622.50",Andy Burnham,donations
10086,4a1b4cd22bbe6c3bdfe86358ef9ef973,new,2026-08-19T06:40:16.030553,,"Gary Lubner - £25,000.00",Andy Burnham,donations
10087,75446fdf860ea79c87d5640f9b8e9deb,new,2026-08-19T06:40:16.030553,,"Lord Sainsbury of Turville - £23,024.92",Andy Burnham,donations
10088,0a4e901d5d4c972f99ec05c60649edca,new,2026-08-19T06:40:16.030553,,"Sacha Lord - £9,619.20",Andy Burnham,donations
10089,f3c25c920388131392ec7f05fd74184c,new,2026-08-19T06:40:16.030553,,"Sacha Lord - £5,771.00",Andy Burnham,donations
10090,b449395b0b1cddd3c7addd00510d9489,new,2026-08-19T06:40:16.030553,,"Charlie Parsons Creative Ltd - £50,000.00",Andy Burnham,donations
10091,99ca0607cafc318523679f7887416d3d,new,2026-08-19T06:40:16.030553,,"Sacha Lord - £20,000.00",Andy Burnham,donations
10092,f226a0b18a829375ace1eeadd0a780db,new,2026-08-19T06:40:16.030553,,"ThinkLabour - £22,186.00",Andy Burnham,donations
10093,b128d0b71c3bddd5bdd0ada36b289404,new,2026-08-19T06:40:16.030553,,"Bawtry Farms Ltd - £7,500.00",Jo White,donations
10094,be55738bd7ce441af6dc66d728bca659,new,2026-08-19T06:40:16.030553,,"Lord Sainsbury of Turville - £49,700.00",Andy Burnham,donations
10095,d5e67e6c13d8cc1217d07f128a4861b9,new,2026-08-19T06:40:16.030553,,"OPD Group Ltd - £13,500.00",Dan Jarvis,donations
10096,40244c80289697f06fb4f166f36a2fdc,new,2026-08-19T06:40:16.030553,,"One&Only Asset Management Ltd - £10,000.00",Ed Davey,donations
10097,c99c55cd4a51ff91f5786941acab69f2,new,2026-08-19T06:40:16.030553,,"Lord Sainsbury of Turville - £25,000.00",Andy Burnham,donations
10098,83b9b691ec12ff6abc37b2b7fa2684ec,new,2026-08-19T06:40:16.030553,,"Chris Franklin - £2,500.00",Zöe Franklin,donations
10099,f1a31b5a16f0386585fbbe09f7287d15,new,2026-08-19T06:40:16.030553,,"Betterworld Limited - £25,000.00",Joe Powell,donations
10100,eb6fe7da7f903ce3d39ca56a5b0b28b9,new,2026-08-19T06:40:16.030553,,"Fire Brigades Union - £5,000.00",Andy Burnham,donations
10101,5e5473cde37b1058c722eba09ce380bb,new,2026-08-19T06:40:16.030553,,"Communications Workers Union - £5,000.00",Andy Burnham,donations
10102,384e102661fbaada962a1b89435fcb07,new,2026-08-19T06:40:16.030553,,"UNISON - £5,000.00",Andy Burnham,donations
10103,5040fb57f3afd14f60da794c88163c36,new,2026-08-19T06:40:16.030553,,"Lord Blunkett - £2,000.00",Andy Burnham,donations
10104,63d5d0acfb15b21f1690fac4c4712c99,new,2026-08-19T06:40:16.030553,,"Shalni Arora - £10,000.00",Andy Burnham,donations
10105,c325299740617f19aabeff898dc493c6,new,2026-08-19T06:40:16.030553,,"Alex McEvoy - £2,000.00",Daisy Cooper,donations
10106,4db952d30c0271acf3ebf446e2b2f0f1,new,2026-08-19T06:40:16.030553,,"Graham Edwards - £5,000.00",Nigel Huddleston,donations
10107,879681656e6e42975b7b3977788383d2,new,2026-08-19T06:40:16.030553,,"BusinessFore - £5,000.00",Nigel Huddleston,donations
10108,2f488865a859f32600764a31ea99b524,new,2026-08-19T06:40:16.030553,,"Sharon Stirling - £2,400.00",Nigel Huddleston,donations
10109,67b83eb788fe4b091f30cc263a5b9599,new,2026-08-19T06:40:16.030553,,Robert Derek Calrow - £897.00,Sir Mel Stride,donations
10110,0cdaaf7caf8c0fcfbdcce41460ea844c,new,2026-08-19T06:40:16.030553,,"Robert Derek Calrow - £5,000.00",Sir Mel Stride,donations
10111,da5f6636ac704725874a454b812052d6,new,2026-08-19T06:40:16.030553,,"BornGood Rebuyer Ltd. - £1,200.00",Dame Chi Onwurah,donations
10112,d6f957c92b514173b74b46638fa97556,new,2026-08-19T06:40:16.030553,,Avanti West Coast Limited - £960.00,Shaun Davies,gifts_uk
10113,5f8bf69edc170f07252af70672e50ebf,new,2026-08-19T06:40:16.030553,,Govia Thameslink Railway - £608.00,Sarah Owen,gifts_uk
10114,19b97955550d8a5e98e3ef931be99431,new,2026-08-19T06:40:16.030553,,"Lord David Sainsbury - £11,094.00",Louise Haigh,gifts_uk
10115,d18da98b092c77a85fb1b69b727a6bf8,new,2026-08-19T06:40:16.030553,,"Bindmans LLP - £7,535.00",Louise Haigh,gifts_uk
10116,dc55181cffcbd4f372d63b3a7e2a0b7e,new,2026-08-19T06:40:16.030553,,The Lucky Onion Group Ltd - £584.40,Max Wilkinson,gifts_uk
10117,6d50b207a46a8419172330203d984f24,new,2026-08-19T06:40:16.030553,,"Institute of Directors - £3,995.00",Steff Aquarone,gifts_uk
10118,e4ceda0d8f3245f62adf27117ae945dc,new,2026-08-19T06:40:16.030553,,"The National Liberal Club - £1,100.00",Steff Aquarone,gifts_uk
10119,4f07a52c900bc95a5c2a8926f1c650b3,new,2026-08-19T06:40:16.030553,,J.C. Bamford Excavators Limited - £64.00,Jacob Collier,gifts_uk
10120,74fac5f599116213ff511b76b451d035,new,2026-08-19T06:40:16.030553,,Simon Ruddick - £948.00,Victoria Collins,gifts_uk
10121,39ccd4607f0a53eebf1f1d7dd6b8923b,new,2026-08-19T06:40:16.030553,,Optimistic Trout Productions CIC - £428.50,Clive Lewis,gifts_uk
10122,94110552dbd28480ae3bc840cc843616,new,2026-08-19T06:40:16.030553,,Charles Gordon-Lennox (The Duke of Richmond) - £156.00,Ms Nusrat Ghani,gifts_uk
10123,a3c0d46216cb171fc3fee6ce8b5eeb83,new,2026-08-19T06:40:16.030553,,Charles Gordon-Lennox (The Duke of Richmond) - £225.00,Ms Nusrat Ghani,gifts_uk
10124,703795a940d837aa29182f41ddea6de0,new,2026-08-19T06:40:16.030553,,UK Athletics Limited - £800.00,Uma Kumaran,gifts_uk
10125,251dd18c85a8c1583ecd16851c60e743,new,2026-08-19T06:40:16.030553,,"Fiji's 8th Man - £1,380.00",Sureena Brackenridge,gifts_uk
10126,71f4649e0e7a7321e9ae970fa38b54fb,new,2026-08-19T06:40:16.030553,,"The All England Lawn Tennis Club (Championships) - £1,010.00",Fleur Anderson,gifts_uk
10127,88b2e8d2866c358fea91eec387b79aab,new,2026-08-19T06:40:16.030553,,The Duke of Richmond and Gordon CBE DL - £750.00,Priti Patel,gifts_uk
10128,d033609f697526c4c389eec80c61b3b5,new,2026-08-19T06:40:16.030553,,Glyndebourne Enterprises Ltd - £360.00,James MacCleary,gifts_uk
10129,b1720cdfe2acca558f139176fa86e852,new,2026-08-19T06:40:16.030553,,"Silverstone Circuits Ltd - £7,540.00",Greg Smith,gifts_uk
10130,a52376d5fae20b3d913ceccee1116c70,new,2026-08-19T06:40:16.030553,,Simon Ruddick - £948.00,Calum Miller,gifts_uk
10131,7d30a829ba61e80fbd55041bb47e6d00,new,2026-08-19T06:40:16.030553,,Environmental Justice Foundation - £668.69,Barry Gardiner,gifts_uk
10132,a69e1c952fd59fdccdae5fcb3c7a1261,new,2026-08-19T06:40:16.030553,,Parliamentary and Scientific Committee APPG - £65.00,Sam Carling,gifts_uk
10133,b1ca749d846dc82bfc08bc5bdab1f674,new,2026-08-19T06:40:16.030553,,All England Lawn Tennis Club - £320.00,Mr Toby Perkins,gifts_uk
10134,a5eb0b6ca96347eb3e1d610ad9fff386,new,2026-08-19T06:40:16.030553,,Lawn Tennis Association - £175.00,Mr Toby Perkins,gifts_uk
10135,9e1d7add439d29d398be312ab6289a42,new,2026-08-19T06:40:16.030553,,LTA Operations Ltd - £600.00,Dr Rupa Huq,gifts_uk
10136,5b86dde68f81f2081ec780d4945b29ab,new,2026-08-19T06:40:16.030553,,"Womad Festivals Limited - £1,009.00",Clive Lewis,gifts_uk
10137,05136ed3532fd432fedf3de6d4cf7425,new,2026-08-19T06:40:16.030553,,"Silverstone Circuit - £1,100.00",Mark Garnier,gifts_uk
10138,ee90c202cd5de29761d8b4c91c316602,new,2026-08-19T06:40:16.030553,,"J C Bamford Excavators Ltd - £4,181.00",Andrew Griffith,gifts_uk
10139,fd6574007a49c2f8e067ff476a0d2cd0,new,2026-08-19T06:40:16.030553,,"Silverstone Circuits Limited - £7,380.00",Callum Anderson,gifts_uk
10140,102d6baa567fd4c99d1f552317489bca,new,2026-08-19T06:40:16.030553,,"Silverstone Circuits Limited - £1,860.00",Andrew Griffith,gifts_uk
10141,f043f5cab10c14f475ea53281fcb46ed,new,2026-08-19T06:40:16.030553,,Sky UK - £400.00,Lauren Edwards,gifts_uk
10142,41ae6f248d470179ea067307a61d8cf1,new,2026-08-19T06:40:16.030553,,Simon Ruddick - £948.00,Bobby Dean,gifts_uk
10143,043f07641bd4626bb7d2b6dfc98acd7c,new,2026-08-19T06:40:16.030553,,"Silverstone Circuits Limited - £1,100.00",Mike Wood,gifts_uk
10144,b4050dbee09a9e63a64f6e8858eb581d,new,2026-08-19T06:40:16.030553,,R&A Championships Limited - £948.00,Paula Barker,gifts_uk
10145,69d6626168b419f5eac96938536fe2aa,new,2026-08-19T06:40:16.030553,,England and Wales Cricket Board Limited - £500.00,Sarah Owen,gifts_uk
10146,4fd2b822ea2584e89015a17914938598,new,2026-08-19T06:40:16.030553,,Lawn Tennis Association 9LTA) - £175.00,David Mundell,gifts_uk
10147,439ac98fee0d56b679c993d5c1580d5c,new,2026-08-19T06:40:16.030553,,Lawn Tennis Association (LTA) - £750.00,David Mundell,gifts_uk
10148,66ddbded6e3c67217ca5675118b0b6ca,new,2026-08-19T06:40:16.030553,,LTA Operations Ltd - £220.00,Max Wilkinson,gifts_uk
10149,2ae41731e47dcda031c0477258b20282,new,2026-08-19T06:40:16.030553,,"LTA Operations Limited - £1,480.00",Heidi Alexander,gifts_uk
10150,ce0800cdce641b9fb43a0df4eca9d36e,new,2026-08-19T06:40:16.030553,,R&A Championships Limited - £790.00,Mr Andrew Snowden,gifts_uk
10151,42353289e2467f43f9757f09a26afcf8,new,2026-08-19T06:40:16.030553,,Lawn Tennis Association Limited - £600.00,Mr Paul Kohler,gifts_uk
10152,3189a28865be9d2348f953d295b00fa4,new,2026-08-19T06:40:16.030553,,"Silverstone Circuits Limited - £1,860.00",Mr Gagan Mohindra,gifts_uk
10153,ce307ff550253b27e297dce5c18c635e,new,2026-08-19T06:40:16.030553,,Lawn Tennis Association Limited - £350.00,Rachel Taylor,gifts_uk
10154,01dcfebe5774ef51c68d6c6d50e3e76c,new,2026-08-19T06:40:16.030553,,"Fenchurch Advisory Partners LLP - £1,414.92",Sir Oliver Dowden,gifts_uk
10155,d1f0fb551d7b8a68e4276a822759304e,new,2026-08-19T06:40:16.030553,,LTA Operations Limited - £720.00,Tonia Antoniazzi,gifts_uk
10156,dd3ea7bc576ec26eb363d204e5a2e46e,new,2026-08-19T06:40:16.030553,,"Anthony Prophet, Commercial Director at The Brit Fest for Great British Festivals - £795.00",Mr Connor Rand,gifts_uk
10157,1d115441d0ba104ed819ceed04591cc9,new,2026-08-19T06:40:16.030553,,"Arab Entrepreneurs Board in London - £2,000.00",Ms Nusrat Ghani,gifts_uk
10158,4fcb428aa9de1686f36854917902d7fa,new,2026-08-19T06:40:16.030553,,"Warner Bros. Discovery - £1,600.00",Dame Caroline Dinenage,gifts_uk
10159,ce0980990b4b39387c7279f922af1750,new,2026-08-19T06:40:16.030553,,BBC - £600.00,Mr Paul Kohler,gifts_uk
10160,fac5798fb4497840ab7b269dfa5bdf77,new,2026-08-19T06:40:16.030553,,Simon Ruddick - £948.00,Ben Maguire,gifts_uk
10161,4124b7bd57b6a48396089ab00c1e14b0,new,2026-08-19T06:40:16.030553,,Community Integrated Care - £323.20,David Baines,gifts_uk
10162,ca217cc4754f7140e900991482cabafc,new,2026-08-19T06:40:16.030553,,LACA The School Food People - £327.60,Mrs Sharon Hodgson,gifts_uk
10163,ded40ba272fecd493a443787cdb6fd89,new,2026-08-19T06:40:16.030553,,"Hull Trains Company Limited - £5,152.00",Jo White,gifts_uk
10164,39568c0003bb1b6e62bcd7490e80dbf4,new,2026-08-19T06:40:16.030553,,East Coast Trains Ltd (Lumo) - £500.00,Dr Scott Arthur,gifts_uk
10165,5b3c4580fb6673e7bc5f26d1b0e3dbe0,new,2026-08-19T06:40:16.030553,,Simon Ruddick - £948.00,Dr Roz Savage,gifts_uk
10166,9561a2ee3f614c7e81e4e0e3ded99c74,new,2026-08-19T06:40:16.030553,,NASUWT - £301.06,Steve Witherden,gifts_uk
10167,b2a599279e341c3dbf5abfec8a1c251a,new,2026-08-19T06:40:16.030553,,Pirelli UK Tyres Ltd - £850.00,Jacob Collier,gifts_uk
10168,856ae83bb8f7ba908e5d4d7bb59edcbf,new,2026-08-19T06:40:16.030553,,"Silverstone Circuits Ltd - £1,860.00",Ben Obese-Jecty,gifts_uk
10169,66943d0556aec63e167a851951ab8864,new,2026-08-19T06:40:16.030553,,"The Lawn Tennis Association - £1,600.00",Mr Louie French,gifts_uk
10170,8a8dc0c82cda77d9ccfe3d03a8d0a7e8,new,2026-08-19T06:40:16.030553,,LTA Operations Limited - £600.00,Munira Wilson,gifts_uk
10171,acfc00226203818fa2c62eadc54550f8,new,2026-08-19T06:40:16.030553,,Lawn Tennis Association - £740.00,Graham Stuart,gifts_uk
10172,87efef948d300117c61c5862dbad1057,new,2026-08-19T06:40:16.030553,,"Sony Music Entertainment UK - £3,800.00",Andy Burnham,gifts_uk
10173,149d73dfd14fc6321305307cf4a783b9,new,2026-08-19T06:40:16.030553,,The Alliance Party of Northern Ireland - £431.00,Andy Burnham,gifts_uk
10174,106d3443000eb102b1b4be131b35e361,new,2026-08-19T06:40:16.030553,,The Jockey Club Racecourse - £500.00,Andy Burnham,gifts_uk
10175,2b6421f22f86c57df4de1b0b328857c5,new,2026-08-19T06:40:16.030553,,RL Commercial - £450.00,Andy Burnham,gifts_uk
10176,1e1e54a9d9953cce4b8d019b04ed879a,new,2026-08-19T06:40:16.030553,,Nordoff and Robbins Music Therapy - £625.00,Andy Burnham,gifts_uk
10177,bd7446951aa405dc53fe3ed27fd22b83,new,2026-08-19T06:40:16.030553,,Lancashire Cricket Club - £458.00,Andy Burnham,gifts_uk
10178,110d2c3e27aa9c921a8a0e2f337dcb7b,new,2026-08-19T06:40:16.030553,,"Glastonbury Festivals Ltd - £1,520.00",Andy Burnham,gifts_uk
10179,6f8004638576ba6bd1dafebdc1b3ab1b,new,2026-08-19T06:40:16.030553,,LTA - £270.00,Graham Stuart,gifts_uk
10180,ab5d9a4444d0b87e6b7d38eb0912015d,new,2026-08-19T06:40:16.030553,,LTA - £220.00,Graham Stuart,gifts_uk
10181,e6559de3c0098935c752a1d9951f6618,new,2026-08-19T06:40:16.030553,,"Silverstone Circuits Limited - £4,300.00",Mike Reader,gifts_uk
10182,2ab7a5388b7ebd037db7e841421c84b4,new,2026-08-19T06:40:16.030553,,Simon Ruddick - £948.00,Alison Bennett,gifts_uk
10183,d0abd4225e82f0787e4d24473c405369,new,2026-08-19T06:40:16.030553,,Lawn Tennis Association - £350.00,Mr Toby Perkins,gifts_uk
10184,cba85407c6463138113b0f28d59637e1,new,2026-08-19T06:40:16.030553,,"PRS for Music LTD - £1,000.00",Andy Burnham,gifts_uk
10185,1872ae496cf9d1cb855dd94d22480704,new,2026-08-19T06:40:16.030553,,All England Lawn Tennis Club - £700.00,Chris Bryant,gifts_uk
10186,821bcb825a3b45c6eae91a431ce65259,new,2026-08-19T06:40:16.030553,,"Silverstone Circuits Limited - £1,860.00",Mr Will Forster,gifts_uk
10187,56a47b14e4829811934ab6d3794ae32b,new,2026-08-19T06:40:16.030553,,Live Nation - £509.00,Uma Kumaran,gifts_uk
10188,d4f3d035de1c9d32456c70da10c3e127,new,2026-08-19T06:40:16.030553,,Simon Ruddick - £948.00,Steff Aquarone,gifts_uk
10189,4cafa2f8090bc44ece59b892738c3479,new,2026-08-19T06:40:16.030553,,"Silverstone Circuits Ltd - £1,860.00",Dame Karen Bradley,gifts_uk
10190,f883d75d7bd1392acf277cc0cfc6568b,new,2026-08-19T06:40:16.030553,,"Allwyn Entertainment Ltd - £4,400.00",Dame Karen Bradley,gifts_uk
10191,12f373fd901f3e6f8364b014f1a4c1d3,new,2026-08-19T06:40:16.030553,,International visit to Canada between 04 August 2026 and 10 August 2026,Lizzi Collinge,visits
10192,18d563a7c0cc89d6b8dfac80e6b15e11,new,2026-08-19T06:40:16.030553,,International visit to Australia between 20 July 2026 and 29 July 2026,Andrew Pakes,visits
10193,2646297f9a50849a19bf83ad766fb2ab,new,2026-08-19T06:40:16.030553,,International visit to Taiwan between 05 July 2026 and 10 July 2026,Tom Tugendhat,visits
10194,387eb3640cbf7dbe877e2e34e93d3a27,new,2026-08-19T06:40:16.030553,,International visit to Italy between 27 July 2026 and 31 July 2026,Katie White,visits
10195,ad0243ec502ee3e895448d69307e68d7,new,2026-08-19T06:40:16.030553,,International visit to Italy between 08 July 2026 and 09 July 2026,Danny Kruger,visits
10196,ee8a53f2b7ae75c4c2c9317f3f6b66c2,new,2026-08-19T06:40:16.030553,,International visit to Taiwan between 05 July 2026 and 10 July 2026,Alicia Kearns,visits
10197,20185655a70c1bf0c4b3d4d4a7afc45f,new,2026-08-19T06:40:16.030553,,International visit to Malawi between 23 May 2026 and 01 June 2026,Rachel Gilmour,visits
10198,a522398eb3a813cd9a0b48bcaa317642,new,2026-08-19T06:40:16.030553,,International visit to Azerbaijan between 11 July 2026 and 14 July 2026,Bob Blackman,visits
10199,97bf770ce93313cffd4ab9bca9a1634d,new,2026-08-19T06:40:16.030553,,International visit to Taiwan between 06 July 2026 and 10 July 2026,Tristan Osborne,visits
10200,592a2414e64512aaa3f610a996043c8c,new,2026-08-19T06:40:16.030553,,International visit to Isle of Man between 05 July 2026 and 07 July 2026,Gavin Robinson,visits
10201,850055ceb80075355f4256266a4461eb,new,2026-08-19T06:40:16.030553,,International visit to Isle of Man between 03 July 2026 and 07 July 2026,Andrew Rosindell,visits
10202,29b0d42955fc10136a21781968c2d0ba,new,2026-08-19T06:40:16.030553,,International visit to Iceland between 14 June 2026 and 16 June 2026,Dr Al Pinkerton,visits
10203,058c9b55f0ff683aaaf1bd9a62ffb855,new,2026-08-19T06:40:16.030553,,International visit to Thailand between 21 June 2026 and 28 June 2026,Neil Coyle,visits
10204,7cda7cdf7e8487be400c464b41192de3,new,2026-08-19T06:40:16.030553,,International visit to Syria between 29 June 2026 and 02 July 2026,Charlie Dewhirst,visits
10205,f96a0910bbba2451c2182f0c1cff1eea,new,2026-08-19T06:40:16.030553,,International visit to France between 09 March 2026 and 11 March 2026,Andy Burnham,visits
10206,ae1b20ae743359e503c647c988c60fac,new,2026-08-19T06:40:16.030553,,International visit to Spain between 27 April 2026 and 29 April 2026,Andy Burnham,visits
10207,36575bf39d3aae8e390006e99718e322,new,2026-08-19T06:40:16.030553,,Australian Labor PArty - £310.45,Josh MacAlister,gifts_foreign
10208,079cacce2f0171b2dde2c6370b683f35,new,2026-08-19T06:40:16.030553,,Sprayground - £650.00,Alex Davies-Jones,gifts_foreign
10209,a804456e2c9e342f79e975266b8c42e6,new,2026-08-19T06:40:16.030553,,"Embassy of the State of Qatar - £1,002.00",Mr Gagan Mohindra,gifts_foreign
10210,e0b293a0dd852f6e7b4f771e279da17b,new,2026-08-19T06:40:16.030553,,International Cricket Council (ICC) - £500.00,Lauren Edwards,gifts_foreign
10211,812602ee0dae81533d33b1580c007e9b,new,2026-08-19T06:40:16.030553,,International Cricket Council - £500.00,Ms Julie Minns,gifts_foreign
10212,d92948abc697c4c529287c25fbc72ec9,new,2026-08-19T06:40:16.030553,,Ambassador of Qatar - £340.00,Andy Burnham,gifts_foreign
10213,6a84fa13b13bcd29ac529dc4a81ac96b,new,2026-08-19T06:40:16.030553,,Property in London,Andy Burnham,property
10214,292687685e252ef6dfc1781548ae39fe,new,2026-08-19T06:40:16.030553,,Shares in Smarti Environmental Limited,Rupert Lowe,shareholdings
10215,681843cff51f8ed5f4cfd71d0cb4a454,new,2026-08-19T06:40:16.030553,,Shares in Office of Andy Burnham Ltd,Andy Burnham,shareholdings
10216,4b527e10828d2ccee0f5c2ae2007e9ad,new,2026-08-19T06:40:16.030553,,"Unpaid directorship of the St Austell Community Land Trust, a registered society aimed to support affordable housing in the area of St Austell.",Noah Law,miscellaneous
10217,2734497054a3ad75fe411022ae5b2557,new,2026-08-19T06:40:16.030553,,Vice President of Local Government Association. This is an unpaid role.,Lisa Smart,miscellaneous
10218,4c0fc722bcd6355856440a2fc0e26edd,new,2026-08-19T06:40:16.030553,,Fellow and director of Radix Big Tent. This is an unpaid role.,Steff Aquarone,miscellaneous
10219,b59a03903f49f2db5e835ddd2b3864f9,new,2026-08-19T06:40:16.030553,,Director of Pelican Park Community Trust. This is an unpaid role.,Karl Turner,miscellaneous
10220,bdc628d723dd87e114d1f09c01d7a18d,new,2026-08-19T06:40:16.030553,,Board member for West Earlham & Bowthorpe Pride in Place. This is an unpaid role.,Clive Lewis,miscellaneous
10221,61cfee1965bc44cbcd7d453ef337f21f,new,2026-08-19T06:40:16.030553,,Patron to the Israeli Dance Institute. This is an unpaid role.,Sir Oliver Dowden,miscellaneous
10222,85f55e6dcaea7911dfbbf0892e034cdb,new,2026-08-19T06:40:16.030553,,"Compulsory membership of the local Morecambe Business Improvement District, a levy-funded business organisation covering the geographical area within which my office sits.",Lizzi Collinge,miscellaneous
10223,20132b0d3138890fa4e6081c1b727ce6,new,2026-08-19T06:40:16.030553,,President of the Liberal Democrats (unpaid),Josh Babarinde,miscellaneous
10224,e9c2fd90a3ee0aeb9af1de8db3e73940,new,2026-08-19T06:40:16.030553,,Trustee of the Game and Wildlife Conservation Trust. This is an unpaid role.,Robbie Moore,miscellaneous
10225,958da9b19da14f4f61b25a8a65b159b8,new,2026-08-19T06:40:16.030553,,"Saint Gobain Construction Products Ltd covered the cost (£1,200) of a coach to take children from Rushcliffe to Westminster for the day as part of a Summer School. (The value is under the threshold for registration under Category 2(b)).",James Naish,miscellaneous
10226,fd1b134cd3e15dfc3b67f52415a01f43,new,2026-08-19T06:40:16.030553,,Member of the Pride in Place Leigh Park Neighbourhood Board. This is an ex-officio and unpaid role in my constituency.,Alan Mak,miscellaneous
10227,0b0c0e42601590aed6857df412443285,new,2026-08-19T06:40:16.030553,,"Unpaid sole Director of Andy Burnham for Leader Ltd, a private limited by guarantee company set up for the purposes of my leadership campaign",Andy Burnham,miscellaneous
10228,402d5b9df166e8e79a2e05f34f49933d,new,2026-08-19T06:40:16.030553,,Patron of the Greater Manchester Mayor's Charity,Andy Burnham,miscellaneous
10229,a93579008ab306a422bcb851f96ca260,new,2026-08-19T06:40:16.030553,,"Vice President of the Association for Decentralised Energy    This is an honorary, unpaid position with no decision-making role in the organisation.",Martin Rhodes,miscellaneous
10230,6c1c59a949a47b4d69b173c35f5b47ff,new,2026-08-19T06:40:16.030553,,A director of C&UCO Properties Limited (Parent Company)     A director of C&UCO Management Limited (subsidiary of above)    A director of C&UCO Services Limited (subsidiary of above)    These are unpaid roles.,Nigel Huddleston,miscellaneous
10231,eb462ef772a87c74114920214f3ac58f,new,2026-08-19T06:40:16.030553,,Membership of Advisory Board of the SOAS China     Institute (SCI). This is an unpaid role.,Sarah Champion,miscellaneous
10232,77be3c6fb1ba91863259978ea0ead5b4,new,2026-08-19T06:40:16.030553,,"Patron of upReach.    Supporting the charity's work through events, campaigns and strategic connections.",John Glen,miscellaneous
10233,08677215be6d10b7d353056c22722f7f,new,2026-08-19T06:40:16.030553,,"Commissioner of the Financial Inclusion Commission.     This an independent body made up of consumer and business representatives, together with policy experts in areas such as banking and payments, insurance and credit. As a commissioner I will attend monthly meetings and advise on specific issues. This is an unpaid role.",John Glen,miscellaneous
10234,3911107701450a03bbc835b3c4d4fd40,new,2026-08-19T06:40:16.030553,,Patron of APARU -    Association of Argentine Professionals in the United Kingdom. This is an unpaid role.,Tim Roca,miscellaneous
10235,b265777be7166e9201add4491e00b1d1,new,2026-08-19T06:40:16.030553,,Unpaid directorship    Strategic Risk Control Ltd.,Alison Griffiths,miscellaneous
10236,3ef236b3c4dbc4b88e56501feff0ceaa,new,2026-08-19T06:40:16.030553,,"Company Director, One Nine Seven Investments Ltd and A&H Bros (& others) Investments Ltd.    I resigned as Director of One Nine Seven Investments Ltd on 07/08/2025.    I resigned as Director of A&H Bros (& others) Investments Ltd on 18 July 2025.    I continue to hold shares in both companies, listed separately.",Mr Adnan Hussain,miscellaneous
10237,4b459d196339b70c03859b1e9fbbb287,new,2026-08-19T06:40:16.030553,,Payment received on 21 July 2026 - £500.00,Sir Iain Duncan Smith,overall
10238,02a70d42d701a48bbb5eab52562c5736,new,2026-08-19T06:40:16.030553,,Payment received on 05 August 2026 - £500.00,Sir Iain Duncan Smith,overall
10239,99e4b074a7be9846ffc9a4483529892a,new,2026-08-19T06:40:16.030553,,Payment expected for services on 15 July 2026 - £150.00,Dame Karen Bradley,overall
10240,f62ca6793580fd05d98e63df99998e4d,new,2026-08-19T06:40:16.030553,,Payment received on 11 August 2026 - £60.03,Nick Thomas-Symonds,overall
10241,ef09bd3b3dd47c00830d8a3c3a6e8252,new,2026-08-19T06:40:16.030553,,"Payment received on 30 June 2026 - £2,166.66",Esther McVey,overall
10242,4613f4514615f49c54f8d353705eb443,new,2026-08-19T06:40:16.030553,,"Payment received on 01 August 2026 - £2,166.66",Esther McVey,overall
10243,382af29aa26a3a79cc8d71cb07b987a9,new,2026-08-19T06:40:16.030553,,Payment received on 14 July 2026 - £850.00,Esther McVey,overall
10244,268e081d9abf78d26ad02a06f92d81d0,new,2026-08-19T06:40:16.030553,,Payment received on 14 August 2026 - £600.00,Esther McVey,overall
10245,65c571fa9ec80ab3a211cf70b0189f53,new,2026-08-19T06:40:16.030553,,"Payment received on 31 July 2026 - £13,167.56",Dr Andrew Murrison,overall
10246,056caa42465561d0dd3c1e8fc9e8d6e0,new,2026-08-19T06:40:16.030553,,"Payment received on 15 July 2026 - £3,750.00",Sir Geoffrey Cox,overall
10247,39ab553771bc884bd6f74898ad9ab7cf,new,2026-08-19T06:40:16.030553,,"Agreement starting 25 September 2023 - £27,129.00",Dr Caroline Johnson,overall
10248,356ca0222131002219360cba2806e537,new,2026-08-19T06:40:16.030553,,Payment received on 11 August 2026 - £739.15,Jesse Norman,overall
10249,497b0426081a6cf0ca4816e3b5a99fce,new,2026-08-19T06:40:16.030553,,Payment received on 16 July 2026 - £315.49,Ms Stella Creasy,overall
10250,0c7bc23b125640023cc713b7fa88cf86,new,2026-08-19T06:40:16.030553,,Payment received on 01 July 2026 - £649.14,Tony Vaughan,overall
10251,6b2d3db708da004782aa740f88560b9a,new,2026-08-19T06:40:16.030553,,Payment received on 15 January 2026 - £82.77,Alison Hume,overall
10252,c716c69774df0efb203bcbbfbf71b4ab,new,2026-08-19T06:40:16.030553,,Payment received on 19 March 2026 - £79.41,Alison Hume,overall
10253,4d65c0c3bb0382dd90c96ae4db7cd0af,new,2026-08-19T06:40:16.030553,,Payment received on 31 March 2026 - £116.27,Alison Hume,overall
10254,e75a105bc7442b59766b43891b389801,new,2026-08-19T06:40:16.030553,,Payment received on 18 June 2026 - £140.89,Alison Hume,overall
10255,360ca434b16d1a4552af1fdc88672777,new,2026-08-19T06:40:16.030553,,Patron of APARU -    Association of Argentine Professionals in the United Kingdom. This is an unpaid role.,Tim Roca,overall
10256,b98f2c492478eb03575ffd4c8feddeeb,new,2026-08-19T06:40:16.030553,,"Agreement - £4,380.00",James Naish,overall
10257,0f6acfc1adf5a3bd3ffca01b55cd7998,new,2026-08-19T06:40:16.030553,,Unpaid directorship    Strategic Risk Control Ltd.,Alison Griffiths,overall
10258,610aec7d3e4f36469ab7ee45f0448792,new,2026-08-19T06:40:16.030553,,"Company Director, One Nine Seven Investments Ltd and A&H Bros (& others) Investments Ltd.    I resigned as Director of One Nine Seven Investments Ltd on 07/08/2025.    I resigned as Director of A&H Bros (& others) Investments Ltd on 18 July 2025.    I continue to hold shares in both companies, listed separately.",Mr Adnan Hussain,overall
10259,fc81ac73f4a85ea2394046a4e0f4b3c4,new,2026-08-19T06:40:16.030553,,Payment received on 30 July 2026 - £570.00,Carolyn Harris,overall
10260,fe7a0ae0d29225a7d5aa305954d29262,new,2026-08-19T06:40:16.030553,,"Payment received on 07 August 2026 - £10,265.50",Rupert Lowe,overall
10261,19ce4606ec4b3941994918aa9f1380aa,new,2026-08-19T06:40:16.030553,,"Payment received on 22 July 2026 - £4,412.76",Rupert Lowe,overall
10262,7a4f8a6f81061cc895512246db0a7611,new,2026-08-19T06:40:16.030553,,"Payment received on 05 August 2026 - £3,126.35",Rupert Lowe,overall
10263,a927101b27c8fa3640da6b73118d44e7,new,2026-08-19T06:40:16.030553,,Payment received on 05 August 2026 - £189.69,Lee Anderson,overall
10264,14b61a25bb6749dafa764c585e04df9a,new,2026-08-19T06:40:16.030553,,Payment received on 22 July 2026 - £184.62,Lee Anderson,overall
10265,e84be02b0d84bb64e68798a387247e23,new,2026-08-19T06:40:16.030553,,"Payment received on 04 August 2026 - £2,800.00",Tom Tugendhat,overall
10266,f4852338a84a459bfbb27cc63ed36151,new,2026-08-19T06:40:16.030553,,"Commissioner of the Financial Inclusion Commission.     This an independent body made up of consumer and business representatives, together with policy experts in areas such as banking and payments, insurance and credit. As a commissioner I will attend monthly meetings and advise on specific issues. This is an unpaid role.",John Glen,overall
10267,9f27e8d07e273c25cd7dfb4de6e1c661,new,2026-08-19T06:40:16.030553,,"Patron of upReach.    Supporting the charity's work through events, campaigns and strategic connections.",John Glen,overall
10268,262c98e7b891f36624149a614f5e7a3b,new,2026-08-19T06:40:16.030553,,"Payment received on 14 July 2026 - £1,050.00",Barry Gardiner,overall
10269,55d5a6ad024cb9daf421e81a1fb8f6c6,new,2026-08-19T06:40:16.030553,,Payment received on 17 July 2026 - £270.00,Paulette Hamilton,overall
10270,db290b5c1d8e3daeda03d4edf7def194,new,2026-08-19T06:40:16.030553,,Payment received on 17 July 2026 - £300.00,Paulette Hamilton,overall
10271,30ef166546878354c8af4f11322b3bef,new,2026-08-19T06:40:16.030553,,"Payment received on 30 July 2026 - £4,000.00",Steve Barclay,overall
10272,1b00bf5a6a2de52639fa6bd7f0a86276,new,2026-08-19T06:40:16.030553,,Payment received on 10 July 2026 - £200.00,Clive Lewis,overall
10273,d009c5bde19f022b6897efd80c044473,new,2026-08-19T06:40:16.030553,,Membership of Advisory Board of the SOAS China     Institute (SCI). This is an unpaid role.,Sarah Champion,overall
10274,b8d8ce0838afc32ffb21d745393afda0,new,2026-08-19T06:40:16.030553,,"Payment received on 24 July 2026 - £1,000.00",Barry Gardiner,overall
10275,33ed98664661262e5ed3e3ed7c7e572f,new,2026-08-19T06:40:16.030553,,"Payment received on 17 July 2026 - £1,511.51",Tom Tugendhat,overall
10276,a9881299bdd49e7df1796bf79049ddf5,new,2026-08-19T06:40:16.030553,,A director of C&UCO Properties Limited (Parent Company)     A director of C&UCO Management Limited (subsidiary of above)    A director of C&UCO Services Limited (subsidiary of above)    These are unpaid roles.,Nigel Huddleston,overall
10277,09cc7986245f918a3cac76f68e68a7a6,new,2026-08-19T06:40:16.030553,,Payment received on 30 June 2026 - £883.30,Chris Coghlan,overall
10278,d7ef942cddc6eb1bbf882ee7632dcd1b,new,2026-08-19T06:40:16.030553,,"Agreement starting 09 October 2025 - £741,735.00",Rishi Sunak,overall
10279,160ba3e225de84c21f22c1a9fc681e24,new,2026-08-19T06:40:16.030553,,"Vice President of the Association for Decentralised Energy    This is an honorary, unpaid position with no decision-making role in the organisation.",Martin Rhodes,overall
10280,ac5f354df7a5da65e1b53b52073cee0e,new,2026-08-19T06:40:16.030553,,"Payment received on 01 July 2026 - £11,050.00",Sir Geoffrey Cox,overall
10281,4c5adf0e10c3046a208a59655ee01123,new,2026-08-19T06:40:16.030553,,Payment received on 14 July 2026 - £40.00,Sir Iain Duncan Smith,overall
10282,90e03d52ef209b45ce3964aa73f86737,new,2026-08-19T06:40:16.030553,,"Payment received on 07 August 2026 - £14,735.32",Gareth Davies,overall
10283,3c06f0bd3b9d379062d4853a9f190318,new,2026-08-19T06:40:16.030553,,Payment received on 15 July 2026 - £370.00,Tom Tugendhat,overall
10284,76a2f388d7372a69455f79bbc5b1921b,new,2026-08-19T06:40:16.030553,,"Payment received on 13 May 2026 - £76,500.00",Angela Rayner,overall
10285,46429bb29729b5413536ae2c317d3502,new,2026-08-19T06:40:16.030553,,"OPD Group Ltd - £13,500.00",Dan Jarvis,overall
10286,d52d8a424d79604b822130d55a4da76b,new,2026-08-19T06:40:16.030553,,"The Coalition for Global Prosperity - £2,100.00",Fleur Anderson,overall
10287,4b9193e1879a3d0f1bdb5e0cdebed62a,new,2026-08-19T06:40:16.030553,,"The All England Lawn Tennis Club (Championships) - £1,010.00",Fleur Anderson,overall
10288,e0e26c7f3f6bfc094ca877554789ca8a,new,2026-08-19T06:40:16.030553,,"Arab Entrepreneurs Board in London - £2,000.00",Ms Nusrat Ghani,overall
10289,c6f286a1a5d80a27f179635fc7a812a5,new,2026-08-19T06:40:16.030553,,Radio Presenter - LBC Radio Ltd,Wes Streeting,overall
10290,ec09968c4cbe986f23a299f1bf8cbe4f,new,2026-08-19T06:40:16.030553,,"Payment expected for services on 07 July 2026 - £1,000.00",Wes Streeting,overall
10291,d98117ce901a61f63150e0b9ec9797f0,new,2026-08-19T06:40:16.030553,,Robert Derek Calrow - £897.00,Sir Mel Stride,overall
10292,e6c24b9f0bb5ba4060ae4ef49a958869,new,2026-08-19T06:40:16.030553,,"Robert Derek Calrow - £5,000.00",Sir Mel Stride,overall
10293,a0356f1b182bbabe2f47821d9119607c,new,2026-08-19T06:40:16.030553,,LACA The School Food People - £327.60,Mrs Sharon Hodgson,overall
10294,1be00ec014ab1b98d0238ded8359ceaa,new,2026-08-19T06:40:16.030553,,Simon Ruddick - £948.00,Steff Aquarone,overall
10295,5576fedbd2fe6860c5e9660e19bd92b2,new,2026-08-19T06:40:16.030553,,All England Lawn Tennis Club - £700.00,Chris Bryant,overall
10296,88547c9be1a30ec9f226412636866fe8,new,2026-08-19T06:40:16.030553,,"Silverstone Circuits Limited - £1,860.00",Mr Will Forster,overall
10297,b7e3093666b36227428dd72de4dc12ba,new,2026-08-19T06:40:16.030553,,Live Nation - £509.00,Uma Kumaran,overall
10298,f4e4f36ce839c5b3fd1b25dedab077ac,new,2026-08-19T06:40:16.030553,,"BornGood Rebuyer Ltd. - £1,200.00",Dame Chi Onwurah,overall
10299,d108f819877438eb9ecedcfe50553e04,new,2026-08-19T06:40:16.030553,,Lawn Tennis Association - £350.00,Mr Toby Perkins,overall
10300,dde3fd88ef03e7907b0c6876faeffba8,new,2026-08-19T06:40:16.030553,,"Silverstone Circuits Ltd - £1,860.00",Dame Karen Bradley,overall
10301,60cfffc63f1be90782a9c6fc32e9230f,new,2026-08-19T06:40:16.030553,,"Allwyn Entertainment Ltd - £4,400.00",Dame Karen Bradley,overall
10302,8e989c9373c2e8e28729c480a0095e65,new,2026-08-19T06:40:16.030553,,Simon Ruddick - £948.00,Alison Bennett,overall
10303,eea26864b82c0287912c0155caf9727f,new,2026-08-19T06:40:16.030553,,"Sony Music Entertainment UK - £3,800.00",Andy Burnham,overall
10304,b811bc8e8ece258e9a0a649280f90d8c,new,2026-08-19T06:40:16.030553,,"PRS for Music LTD - £1,000.00",Andy Burnham,overall
10305,d2ad1c7b1e62a7a9a38e94a013fbfe06,new,2026-08-19T06:40:16.030553,,"Alex McEvoy - £2,000.00",Daisy Cooper,overall
10306,db3d3d6af68ea634bda19ffd79600d13,new,2026-08-19T06:40:16.030553,,The Alliance Party of Northern Ireland - £431.00,Andy Burnham,overall
10307,1392863ac8435945e6d6468167fbc8bc,new,2026-08-19T06:40:16.030553,,The Jockey Club Racecourse - £500.00,Andy Burnham,overall
10308,f92c13baee7184fcc0fcb9c1615e0101,new,2026-08-19T06:40:16.030553,,RL Commercial - £450.00,Andy Burnham,overall
10309,0b2a57aac75a0b3976749de863fde784,new,2026-08-19T06:40:16.030553,,Nordoff and Robbins Music Therapy - £625.00,Andy Burnham,overall
10310,aa7fd8a35f61952f30eff63a9e4746a6,new,2026-08-19T06:40:16.030553,,Ambassador of Qatar - £340.00,Andy Burnham,overall
10311,1c15de416600caecd7dd9840c553b00e,new,2026-08-19T06:40:16.030553,,Property in London,Andy Burnham,overall
10312,f20421d87444c932cec1bb8dc991c6dd,new,2026-08-19T06:40:16.030553,,International visit to France between 09 March 2026 and 11 March 2026,Andy Burnham,overall
10313,a0d3fbed02be95dad7f52ca732c7c4a4,new,2026-08-19T06:40:16.030553,,"Graham Edwards - £5,000.00",Nigel Huddleston,overall
10314,0018412f70b225a1a31dcb1928a0406b,new,2026-08-19T06:40:16.030553,,"BusinessFore - £5,000.00",Nigel Huddleston,overall
10315,671d572235b5aa00f5060e4fbe32e5f8,new,2026-08-19T06:40:16.030553,,"Sharon Stirling - £2,400.00",Nigel Huddleston,overall
10316,ea69bb9617ed8ede961616e83683f997,new,2026-08-19T06:40:16.030553,,"OPD Group Ltd - £54,213.30",Dan Jarvis,overall
10317,6402ebe5f44d289563aa6eeeeb5ca29d,new,2026-08-19T06:40:16.030553,,NASUWT - £301.06,Steve Witherden,overall
10318,00149f63a51dfdf0eaaae33dae2696f6,new,2026-08-19T06:40:16.030553,,International visit to Syria between 29 June 2026 and 02 July 2026,Charlie Dewhirst,overall
10319,9027a6d410995a24fe42bae4a14cbc7b,new,2026-08-19T06:40:16.030553,,"Chris Franklin - £2,500.00",Zöe Franklin,overall
10320,ec414ae6e0b16733e1c522fccd9e31c3,new,2026-08-19T06:40:16.030553,,"Betterworld Limited - £25,000.00",Joe Powell,overall
10321,b0e1f838de452736be75d8170273b291,new,2026-08-19T06:40:16.030553,,Pirelli UK Tyres Ltd - £850.00,Jacob Collier,overall
10322,bf22dd4582abb3b8a52a6dbe765ebdff,new,2026-08-19T06:40:16.030553,,"The Lawn Tennis Association - £1,600.00",Mr Louie French,overall
10323,5dbb21e06fabf44240a42c62723b8ad4,new,2026-08-19T06:40:16.030553,,Lancashire Cricket Club - £458.00,Andy Burnham,overall
10324,468cd1bbaf32c226ae3779ef49de842a,new,2026-08-19T06:40:16.030553,,"Glastonbury Festivals Ltd - £1,520.00",Andy Burnham,overall
10325,b1bf6b5c2184028f035782cb163c9fa5,new,2026-08-19T06:40:16.030553,,International visit to Spain between 27 April 2026 and 29 April 2026,Andy Burnham,overall
10326,84f06150817bbd4f8f72fec574b88e0d,new,2026-08-19T06:40:16.030553,,Shares in Office of Andy Burnham Ltd,Andy Burnham,overall
10327,9866a5bc6930c399e3b676fba8cb1d9d,new,2026-08-19T06:40:16.030553,,"Unpaid sole Director of Andy Burnham for Leader Ltd, a private limited by guarantee company set up for the purposes of my leadership campaign",Andy Burnham,overall
10328,da259261566f22b6997e093c15318f18,new,2026-08-19T06:40:16.030553,,Patron of the Greater Manchester Mayor's Charity,Andy Burnham,overall
10329,38272c9166428350064869242bd2ef5b,new,2026-08-19T06:40:16.030553,,"Silverstone Circuits Ltd - £1,860.00",Ben Obese-Jecty,overall
